distance,road_distance,num_l_turns,num_r_turns,num_straights,median_angle,total_angle,mean_angle,std_angle,max_angle,min_angle,median_pivot_off,mean_pivot_off,std_pivot_off,max_pivot_off,min_pivot_off,safety
0.0,1.3455804654263628,4.0,4.0,0.0,10.0,4.444444444444445,1.9262038774233916,15.962086516079651,10.0,0.0,0.0,3.3136094674556227,16.257819661743213,,0.0,safe
19.664634375523416,11.413797999575763,20.0,4.0,20.0,0.0,0.0,0.0,6.448278831213884,20.0,10.0,4.0,4.705882352941173,5.595583538180743,,0.0,safe
13.592589737457816,10.21350715094378,0.0,0.0,13.333333333333332,20.0,20.0,20.0,13.563877581522124,0.0,0.0,20.0,15.104895104895116,20.0,,0.0,safe
11.289233898358844,0.0,4.0,0.0,6.666666666666666,5.0,20.0,19.07859078590786,20.0,20.0,0.0,2.0,0.0,1.5509711430815143,,0.0,safe
13.319602827428582,13.267931471766977,8.0,12.0,6.666666666666666,10.0,11.11111111111111,8.943089430894311,0.0,0.0,10.0,16.0,20.0,0.0,,0.0,unsafe
20.0,20.0,20.0,20.0,0.0,10.0,17.77777777777778,13.286875725900117,18.918724991366837,20.0,0.0,4.0,2.0512820512820396,7.347729420846619,,0.0,unsafe
13.21318599375708,13.044004417466244,8.0,4.0,0.0,5.0,11.11111111111111,8.943089430894311,6.6695889073911125,10.0,10.0,16.0,13.186813186813179,5.229799245683954,,0.0,unsafe
11.69608241610568,1.5694886201185618,0.0,0.0,13.333333333333332,10.0,13.333333333333332,11.707317073170733,0.22121169848584965,10.0,20.0,12.0,18.461538461538463,10.062195754836296,,20.0,unsafe
